event_name,sport,category
kickoff,soccer,neutral
carry,soccer,neutral
goal_conceded,soccer,error
punch,soccer,defensive
pass,soccer,transition
ball_receipt,soccer,transition
pressure,soccer,offensive
corner,soccer,offensive
aerial_duel,soccer,defensive
pass_low,soccer,neutral
pass_high,soccer,neutral
pass_cross,soccer,offensive
pass_through_ball,soccer,offensive
pass_switch_of_play,soccer,transition
pass_long_ball,soccer,offensive
pass_cutback,soccer,defensive
pass_chipped,soccer,neutral
pass_layoff,soccer,transition
pass_flick_on,soccer,neutral
pass_one_two,soccer,offensive
pass_backheel,soccer,neutral
pass_headed,soccer,neutral
pass_thrown,soccer,neutral
pass_goal_kick_short,soccer,offensive
pass_goal_kick_long,soccer,offensive
pass_free_kick_short,soccer,offensive
pass_free_kick_long,soccer,offensive
pass_corner_short,soccer,offensive
pass_corner_cross,soccer,offensive
pass_cut_inside,soccer,neutral
pass_cut_outside,soccer,neutral
pass_in_swinging_corner,soccer,offensive
pass_out_swinging_corner,soccer,offensive
pass_deflected,soccer,error
pass_misplaced,soccer,error
pass_blocked,soccer,error
pass_assist,soccer,neutral
pass_key_pass,soccer,neutral
pass_switch,soccer,transition
pass_launch,soccer,transition
pass_clearance_try,soccer,defensive
pass_recirc,soccer,defensive
pass_penalty_box_entry,soccer,offensive
pass_final_third_entry,soccer,offensive
carry_forward,soccer,transition
carry_lateral,soccer,neutral
carry_backwards,soccer,defensive
carry_into_penalty_area,soccer,offensive
carry_into_final_third,soccer,offensive
carry_under_pressure,soccer,neutral
carry_safe,soccer,neutral
carry_long_distance,soccer,neutral
carry_break_line,soccer,offensive
carry_transition,soccer,transition
ball_receipt_clean,soccer,neutral
ball_receipt_miscontrol,soccer,error
ball_receipt_under_pressure,soccer,defensive
ball_receipt_wide,soccer,neutral
ball_receipt_central,soccer,neutral
ball_receipt_failed,soccer,error
shot_open_play,soccer,offensive
shot_fast_break,soccer,offensive
shot_counterattack,soccer,offensive
shot_volley,soccer,offensive
shot_half_volley,soccer,offensive
shot_header,soccer,offensive
shot_left_foot,soccer,offensive
shot_right_foot,soccer,offensive
shot_blocked,soccer,error
shot_saved,soccer,error
shot_off_target,soccer,error
shot_on_target,soccer,offensive
shot_hit_woodwork,soccer,error
shot_saved_to_post,soccer,error
shot_deflected,soccer,error
shot_from_cross,soccer,offensive
shot_from_corner,soccer,offensive
shot_direct_free_kick,soccer,offensive
shot_indirect_free_kick,soccer,offensive
shot_penalty,soccer,offensive
shot_follow_up,soccer,offensive
shot_scramble,soccer,defensive
shot_low_xg,soccer,offensive
shot_high_xg,soccer,offensive
shot_chipped,soccer,offensive
shot_lobbed,soccer,offensive
shot_finesse,soccer,offensive
shot_cutback_shot,soccer,offensive
dribble_successful,soccer,neutral
dribble_failed,soccer,error
dribble_nutmeg,soccer,error
dribble_past_opponent,soccer,transition
dribble_round_keeper,soccer,offensive
dribble_under_pressure,soccer,neutral
dribble_shield,soccer,defensive
dribble_into_box,soccer,offensive
duel_ground_attacking,soccer,offensive
duel_ground_defending,soccer,defensive
duel_ground_neutral,soccer,neutral
duel_aerial_won,soccer,neutral
duel_aerial_lost,soccer,error
duel_tackle_won,soccer,offensive
duel_tackle_lost,soccer,error
duel_shouldered_off_ball,soccer,error
duel_50_50,soccer,neutral
duel_recovery_duel,soccer,defensive
tackle_won,soccer,offensive
tackle_lost,soccer,error
tackle_in_box,soccer,defensive
tackle_in_final_third,soccer,offensive
tackle_clean,soccer,neutral
tackle_foul,soccer,error
interception_ground,soccer,defensive
interception_head,soccer,defensive
interception_cut_pass,soccer,defensive
interception_ball_to_player,soccer,defensive
block_shot,soccer,error
block_pass,soccer,error
block_cross,soccer,error
block_dribble,soccer,error
clearance_foot,soccer,defensive
clearance_head,soccer,defensive
clearance_chaotic,soccer,error
clearance_goal_line,soccer,defensive
defensive_header,soccer,defensive
challenge_lost,soccer,error
press_player,soccer,neutral
press_teams,soccer,offensive
press_forced_turnover,soccer,error
press_unsuccessful,soccer,error
press_successful,soccer,neutral
foul_committed,soccer,error
foul_won,soccer,offensive
foul_handball,soccer,error
foul_tactical,soccer,error
foul_hold,soccer,error
foul_pull,soccer,error
foul_elbow,soccer,error
foul_late,soccer,error
foul_reckless,soccer,error
foul_dangerous_play,soccer,error
foul_penalty_conceded,soccer,error
foul_penalty_won,soccer,defensive
offside_individual,soccer,error
offside_team,soccer,error
offside_pass_receiver,soccer,error
card_yellow,soccer,error
card_second_yellow,soccer,error
card_red,soccer,error
dissent,soccer,error
simulation,soccer,neutral
goalkeeper_save,soccer,defensive
goalkeeper_punch,soccer,defensive
goalkeeper_pickup,soccer,neutral
goalkeeper_save_dive_left,soccer,defensive
goalkeeper_save_dive_right,soccer,defensive
goalkeeper_save_standing,soccer,defensive
goalkeeper_save_reflex,soccer,defensive
goalkeeper_parry,soccer,offensive
goalkeeper_smothers_ball,soccer,defensive
goalkeeper_sweeper_clearance,soccer,offensive
goalkeeper_claim,soccer,neutral
goalkeeper_cross_claim,soccer,neutral
goalkeeper_catch,soccer,defensive
goalkeeper_deflection,soccer,defensive
goalkeeper_error,soccer,error
goalkeeper_distribution_throw,soccer,transition
goalkeeper_distribution_kick,soccer,transition
goalkeeper_distribution_dropkick,soccer,transition
corner_short,soccer,transition
corner_cross,soccer,offensive
corner_in_swinging,soccer,offensive
corner_out_swinging,soccer,offensive
corner_tapped,soccer,offensive
free_kick_direct,soccer,offensive
free_kick_indirect,soccer,transition
free_kick_cross,soccer,offensive
free_kick_shot,soccer,offensive
throw_in_short,soccer,transition
throw_in_long,soccer,transition
goal_kick_short,soccer,transition
goal_kick_long,soccer,offensive
kickoff_start,soccer,neutral
kickoff_restart,soccer,neutral
dropped_ball,soccer,error
counterattack_start,soccer,offensive
counterattack_end,soccer,neutral
transition_attack,soccer,offensive
transition_defense,soccer,defensive
regain_possession,soccer,defensive
lose_possession,soccer,error
counterpress,soccer,offensive
counterpress_regain,soccer,offensive
regroup_phase,soccer,defensive
error_leading_to_shot,soccer,offensive
error_leading_to_goal,soccer,offensive
error_bad_touch,soccer,error
error_miscontrol,soccer,error
error_poor_pass,soccer,error
error_failed_clearance,soccer,error
goalkeeper_error_loss,soccer,error
defender_error_loss,soccer,error
midfield_error_loss,soccer,error
ball_recovery,soccer,defensive
ball_recovery_head,soccer,defensive
ball_recovery_feet,soccer,defensive
loose_ball_duel,soccer,error
loose_ball_won,soccer,offensive
loose_ball_lost,soccer,error
substitution_on,soccer,neutral
substitution_off,soccer,neutral
half_start,soccer,neutral
half_end,soccer,neutral
referee_drop_ball,soccer,neutral
injury_stoppage,soccer,error
cooling_break,soccer,neutral
var_review_start,soccer,neutral
var_review_end,soccer,neutral
dribbled_past,soccer,transition
shield,soccer,defensive
fifty_fifty,soccer,neutral
ball_out_of_play,soccer,error
miscontrol_high_ball,soccer,error
miscontrol_ground_ball,soccer,error
dispossessed_in_defensive_third,soccer,error
dispossessed_in_final_third,soccer,error
goalkeeper_punch_clear,soccer,defensive
goalkeeper_cross_missed,soccer,error
goalkeeper_penalty_save,soccer,defensive
goalkeeper_penalty_conceded,soccer,defensive
second_ball_won,soccer,transition
second_ball_lost,soccer,error
touchline_clearance,soccer,defensive
headed_clearance_wide,soccer,defensive
shot_rebound_chance,soccer,offensive
shot_second_phase,soccer,offensive
set_piece_routine_short,soccer,transition
set_piece_routine_long,soccer,transition
marking_tight,soccer,defensive
marking_loose,soccer,defensive
overlap_run,soccer,transition
underlap_run,soccer,transition
dummy_run,soccer,transition
feint_dribble,soccer,transition
time_wasting_incident,soccer,defensive
long_hoof_clearance,soccer,defensive
scramble_clearance,soccer,defensive
smart_pass,soccer,transition
through_pass,soccer,transition
progressive_run,soccer,transition
progressive_pass,soccer,transition
deep_completion,soccer,offensive
deep_carry,soccer,transition
deep_cross,soccer,offensive
lofted_pass,soccer,neutral
chip_pass,soccer,neutral
long_ball_dangerous,soccer,neutral
short_combination,soccer,offensive
one_touch_pass,soccer,neutral
shot_assist,soccer,offensive
key_pass_secondary,soccer,transition
challenged_header,soccer,neutral
aerial_duel_no_touch,soccer,neutral
ground_duel_win_clean,soccer,offensive
ground_duel_win_foul,soccer,error
ground_duel_loss_clean,soccer,neutral
ground_duel_loss_foul,soccer,error
loose_ball_win,soccer,neutral
loose_ball_loss,soccer,error
dangerous_dribble,soccer,offensive
dribble_pressure_invite,soccer,defensive
carry_pressure_escape,soccer,defensive
carry_opportunity_creation,soccer,defensive
pressing_duel,soccer,defensive
pressing_support,soccer,defensive
counterpress_action,soccer,offensive
ball_gain,soccer,offensive
body_kick_entry,ufc,defensive
frame_entry,ufc,defensive
uppercut_combo,ufc,transition
level_change_error,ufc,defensive
block_chain,ufc,neutral
back_take_combo,ufc,error
half_guard_success,ufc,neutral
feint_chain,ufc,neutral
hook_landed,ufc,offensive
hook_recovery,ufc,error
double_leg_failed,ufc,defensive
uppercut_entry,ufc,neutral
back_take_pressure,ufc,error
pivot_combo,ufc,defensive
slam_recovery,ufc,transition
escape_error,ufc,transition
escape_combo,ufc,offensive
half_guard_error,ufc,error
pivot_entry,ufc,error
mount_transition,ufc,transition
hook_entry,ufc,error
half_guard_chain,ufc,defensive
guard_pass_pressure,ufc,defensive
block_entry,ufc,transition
single_leg_pressure,ufc,neutral
knee_chain,ufc,transition
leg_kick_error,ufc,transition
double_leg_landed,ufc,error
pivot_attempt,ufc,offensive
uppercut_attempt,ufc,transition
back_take_counter,ufc,neutral
feint_success,ufc,offensive
ground_strike_pressure,ufc,offensive
guard_pass_exit,ufc,defensive
takedown_entry,ufc,offensive
knee_combo,ufc,neutral
check_error,ufc,neutral
check_pressure,ufc,neutral
slam_entry,ufc,neutral
hook_success,ufc,offensive
ground_strike_failed,ufc,error
pivot_success,ufc,error
leg_kick_counter,ufc,neutral
feint_followup,ufc,error
block_pressure,ufc,error
elbow_counter,ufc,neutral
parry_pressure,ufc,neutral
clinch_landed,ufc,error
mount_failed,ufc,neutral
throw_exit,ufc,neutral
guard_pass_failed,ufc,offensive
takedown_chain,ufc,offensive
throw_chain,ufc,offensive
check_failed,ufc,transition
mount_entry,ufc,offensive
cut_angle_entry,ufc,neutral
back_take_failed,ufc,transition
double_leg_transition,ufc,offensive
level_change_recovery,ufc,neutral
pivot_followup,ufc,neutral
probe_success,ufc,neutral
check_entry,ufc,defensive
cut_angle_counter,ufc,offensive
guard_pass_combo,ufc,defensive
half_guard_failed,ufc,error
body_kick_pressure,ufc,transition
jab_attempt,ufc,defensive
hook_chain,ufc,offensive
kick_chain,ufc,neutral
kick_pressure,ufc,offensive
parry_landed,ufc,transition
kick_error,ufc,neutral
dirty_boxing_recovery,ufc,error
probe_followup,ufc,transition
clinch_exit,ufc,error
slam_pressure,ufc,error
double_leg_error,ufc,neutral
cut_angle_failed,ufc,defensive
parry_attempt,ufc,offensive
back_take_chain,ufc,neutral
block_transition,ufc,neutral
elbow_failed,ufc,transition
level_change_entry,ufc,error
scramble_entry,ufc,defensive
dirty_boxing_exit,ufc,defensive
sprawl_transition,ufc,transition
feint_entry,ufc,defensive
leg_kick_failed,ufc,neutral
parry_exit,ufc,offensive
escape_pressure,ufc,neutral
frame_counter,ufc,neutral
pivot_landed,ufc,error
sprawl_error,ufc,neutral
mount_success,ufc,transition
kick_entry,ufc,transition
clinch_success,ufc,defensive
half_guard_pressure,ufc,defensive
uppercut_exit,ufc,error
clinch_attempt,ufc,offensive
hook_combo,ufc,error
scramble_followup,ufc,neutral
takedown_exit,ufc,neutral
dirty_boxing_error,ufc,offensive
slam_landed,ufc,error
uppercut_error,ufc,defensive
cross_chain,ufc,error
scramble_counter,ufc,defensive
takedown_pressure,ufc,neutral
single_leg_recovery,ufc,error
parry_combo,ufc,neutral
leg_kick_transition,ufc,defensive
back_take_error,ufc,defensive
kick_transition,ufc,neutral
uppercut_followup,ufc,defensive
dirty_boxing_entry,ufc,defensive
scramble_pressure,ufc,error
block_combo,ufc,error
double_leg_counter,ufc,neutral
kick_success,ufc,neutral
slam_success,ufc,transition
throw_recovery,ufc,neutral
block_success,ufc,error
probe_exit,ufc,neutral
throw_pressure,ufc,neutral
knee_landed,ufc,neutral
pivot_chain,ufc,neutral
frame_followup,ufc,error
check_attempt,ufc,defensive
leg_kick_chain,ufc,neutral
check_counter,ufc,offensive
takedown_combo,ufc,defensive
kick_counter,ufc,defensive
frame_attempt,ufc,transition
uppercut_recovery,ufc,offensive
hook_failed,ufc,transition
feint_error,ufc,transition
uppercut_transition,ufc,transition
level_change_followup,ufc,defensive
ground_strike_entry,ufc,defensive
head_kick_landed,ufc,defensive
level_change_counter,ufc,transition
throw_attempt,ufc,error
ground_strike_counter,ufc,neutral
jab_landed,ufc,transition
cut_angle_transition,ufc,neutral
ground_strike_success,ufc,defensive
level_change_failed,ufc,error
takedown_success,ufc,defensive
takedown_attempt,ufc,offensive
guard_pass_entry,ufc,error
back_take_entry,ufc,transition
escape_chain,ufc,transition
throw_landed,ufc,transition
elbow_success,ufc,defensive
throw_followup,ufc,transition
slam_combo,ufc,transition
double_leg_recovery,ufc,neutral
scramble_combo,ufc,defensive
parry_transition,ufc,defensive
ground_strike_attempt,ufc,defensive
half_guard_transition,ufc,offensive
jab_entry,ufc,transition
uppercut_failed,ufc,neutral
knee_error,ufc,transition
check_chain,ufc,neutral
probe_pressure,ufc,offensive
uppercut_pressure,ufc,neutral
trip_success,ufc,transition
ground_strike_recovery,ufc,error
sprawl_entry,ufc,error
reversal_followup,ufc,transition
cut_angle_followup,ufc,transition
escape_exit,ufc,error
clinch_transition,ufc,offensive
sprawl_followup,ufc,defensive
jab_failed,ufc,offensive
jab_success,ufc,neutral
head_kick_chain,ufc,transition
pivot_pressure,ufc,neutral
escape_success,ufc,error
escape_entry,ufc,transition
cross_combo,ufc,offensive
sprawl_pressure,ufc,neutral
clinch_counter,ufc,offensive
elbow_exit,ufc,transition
sprawl_failed,ufc,neutral
slam_attempt,ufc,transition
escape_transition,ufc,neutral
half_guard_landed,ufc,defensive
body_kick_landed,ufc,neutral
guard_pass_recovery,ufc,offensive
cross_pressure,ufc,defensive
guard_pass_success,ufc,offensive
cross_followup,ufc,neutral
check_combo,ufc,neutral
dirty_boxing_combo,ufc,error
elbow_followup,ufc,error
cut_angle_error,ufc,error
body_kick_attempt,ufc,offensive
trip_exit,ufc,defensive
single_leg_chain,ufc,error
takedown_landed,ufc,defensive
probe_counter,ufc,error
knee_success,ufc,defensive
sprawl_attempt,ufc,defensive
elbow_chain,ufc,neutral
double_leg_success,ufc,transition
scramble_landed,ufc,defensive
takedown_followup,ufc,transition
elbow_error,ufc,error
guard_pass_attempt,ufc,neutral
mount_pressure,ufc,error
block_exit,ufc,neutral
body_kick_exit,ufc,error
back_take_attempt,ufc,transition
ground_strike_landed,ufc,error
single_leg_exit,ufc,neutral
cut_angle_recovery,ufc,error
pivot_exit,ufc,transition
uppercut_chain,ufc,offensive
kick_attempt,ufc,offensive
pivot_failed,ufc,defensive
slam_counter,ufc,offensive
elbow_attempt,ufc,error
slam_chain,ufc,defensive
frame_landed,ufc,transition
parry_followup,ufc,error
takedown_counter,ufc,transition
sprawl_chain,ufc,defensive
head_kick_failed,ufc,neutral
block_landed,ufc,defensive
dirty_boxing_transition,ufc,defensive
leg_kick_exit,ufc,defensive
throw_error,ufc,error
jab_pressure,ufc,neutral
dirty_boxing_followup,ufc,neutral
cross_exit,ufc,neutral
single_leg_landed,ufc,offensive
sprawl_success,ufc,neutral
hook_exit,ufc,defensive
clinch_followup,ufc,offensive
guard_pass_chain,ufc,defensive
feint_failed,ufc,defensive
ground_strike_combo,ufc,transition
feint_landed,ufc,error
clinch_error,ufc,transition
head_kick_counter,ufc,defensive
trip_failed,ufc,error
clinch_chain,ufc,neutral
trip_transition,ufc,defensive
escape_recovery,ufc,defensive
cross_transition,ufc,error
throw_transition,ufc,error
body_kick_failed,ufc,error
body_kick_followup,ufc,transition
double_leg_pressure,ufc,offensive
head_kick_attempt,ufc,error
ground_strike_error,ufc,error
level_change_chain,ufc,transition
kick_exit,ufc,transition
cut_angle_success,ufc,transition
single_leg_attempt,ufc,defensive
pivot_counter,ufc,offensive
uppercut_counter,ufc,neutral
body_kick_combo,ufc,error
double_leg_exit,ufc,neutral
single_leg_transition,ufc,offensive
frame_transition,ufc,transition
jab_counter,ufc,defensive
head_kick_combo,ufc,offensive
trip_pressure,ufc,neutral
head_kick_followup,ufc,error
parry_entry,ufc,offensive
reversal_combo,ufc,neutral
probe_recovery,ufc,error
block_error,ufc,transition
knee_transition,ufc,transition
body_kick_transition,ufc,transition
mount_followup,ufc,defensive
slam_failed,ufc,transition
cut_angle_chain,ufc,defensive
single_leg_success,ufc,offensive
block_counter,ufc,transition
level_change_transition,ufc,transition
clinch_pressure,ufc,transition
parry_chain,ufc,transition
slam_followup,ufc,offensive
cross_attempt,ufc,transition
dirty_boxing_pressure,ufc,offensive
half_guard_combo,ufc,defensive
trip_followup,ufc,offensive
sprawl_counter,ufc,transition
parry_recovery,ufc,error
slam_error,ufc,error
scramble_error,ufc,transition
level_change_exit,ufc,defensive
dirty_boxing_failed,ufc,error
mount_error,ufc,error
elbow_entry,ufc,defensive
feint_transition,ufc,neutral
dirty_boxing_counter,ufc,transition
half_guard_entry,ufc,neutral
head_kick_success,ufc,error
body_kick_success,ufc,transition
double_leg_combo,ufc,neutral
cut_angle_exit,ufc,defensive
leg_kick_followup,ufc,neutral
pivot_transition,ufc,defensive
head_kick_recovery,ufc,neutral
half_guard_exit,ufc,offensive
mount_exit,ufc,transition
trip_landed,ufc,offensive
scramble_recovery,ufc,error
block_recovery,ufc,offensive
reversal_recovery,ufc,neutral
body_kick_counter,ufc,neutral
throw_failed,ufc,transition
jab_recovery,ufc,neutral
double_leg_attempt,ufc,neutral
slam_transition,ufc,neutral
parry_counter,ufc,offensive
feint_exit,ufc,transition
body_kick_recovery,ufc,neutral
check_followup,ufc,neutral
dirty_boxing_landed,ufc,error
throw_counter,ufc,offensive
probe_failed,ufc,transition
trip_counter,ufc,neutral
level_change_attempt,ufc,offensive
probe_combo,ufc,neutral
jab_followup,ufc,neutral
cut_angle_landed,ufc,neutral
block_followup,ufc,error
jab_transition,ufc,transition
dirty_boxing_chain,ufc,neutral
ground_strike_exit,ufc,defensive
frame_combo,ufc,neutral
trip_error,ufc,defensive
single_leg_followup,ufc,offensive
throw_success,ufc,offensive
hook_attempt,ufc,transition
check_landed,ufc,error
frame_error,ufc,defensive
dirty_boxing_success,ufc,error
back_take_landed,ufc,transition
escape_counter,ufc,neutral
level_change_landed,ufc,defensive
kick_landed,ufc,error
cross_landed,ufc,defensive
parry_error,ufc,neutral
ace,tennis,offensive
winning_shot,tennis,offensive
retrieved,tennis,defensive
double_fault,tennis,error
code_violation,tennis,error
ball_abuse,tennis,error
aggresive_conduct,tennis,error
conduct_default,tennis,error
let,tennis,neutral
semifinals,tennis,neutral
main_draw,tennis,neutral
qualifying,tennis,neutral
tie_break,tennis,neutral
retirement,tennis,error
withdraws,tennis,error
defaulted,tennis,error
late_withdrawal,tennis,error
warm_up,tennis,neutral
set,tennis,neutral
match,tennis,neutral
forehand_winner,tennis,offensive
backhand_winner,tennis,offensive
inside_out_forehand,tennis,offensive
inside_in_forehand,tennis,offensive
overhead_smash,tennis,offensive
volley_winner,tennis,offensive
half_volley,tennis,defensive
serve_winner,tennis,offensive
drop_shot_winner,tennis,offensive
passing_shot,tennis,offensive
approach_shot_winner,tennis,offensive
aggresive_return,tennis,offensive
body_serve,tennis,offensive
defensive_slice,tennis,defensive
defensive_lob,tennis,defensive
moonball,tennis,defensive
blocked_return,tennis,defensive
chip_return,tennis,defensive
stretch_forehand,tennis,defensive
stretch_backhand,tennis,defensive
running_defensive_shot,tennis,defensive
flick_defensive_shot,tennis,defensive
squash_shot,tennis,defensive
unforced_error,tennis,error
forced_error,tennis,error
mishit,tennis,error
shank,tennis,error
netted_shot,tennis,error
wide_shot,tennis,error
frame_shot,tennis,error
first_serve_fault,tennis,error
second_serve_fault,tennis,error
foot_fault,tennis,error
approach_shot,tennis,transition
drop_shot,tennis,transition
slice_approach_shot,tennis,transition
serve_and_volley,tennis,transition
chip_and_charge,tennis,transition
forehand,tennis,neutral
backhand,tennis,neutral
top_spin,tennis,neutral
return,tennis,neutral
slice,tennis,neutral
volley,tennis,neutral
kick_serve,tennis,offensive
flat_serve,tennis,offensive
slice_serve,tennis,offensive
crosscourt_shot,tennis,offensive
down_the_line_shot,tennis,offensive
deep_shot,tennis,neutral
deep_return,tennis,defensive
suprise_lob,tennis,offensive
drop_volley_at_net,tennis,offensive
drop_volley_at_setup,tennis,transition
drive_volley,tennis,offensive
tweener,tennis,offensive
backspin_stroke,tennis,defensive
underspin_stroke,tennis,defensive
slice_groundstroke,tennis,defensive
flat_groundstroke,tennis,neutral
aggresive_flat_groundstroke,tennis,offensive
crosscourt,tennis,neutral
down_the_middle_shot,tennis,neutral
baseline,tennis,neutral
singles_sideline,tennis,neutral
doubles_sideline,tennis,neutral
doubles_alley,tennis,neutral
tramline,tennis,neutral
service_lines,tennis,neutral
deuce_court,tennis,neutral
ad_court,tennis,neutral
centre_mark,tennis,neutral
clay_court,tennis,neutral
grass_court,tennis,neutral
hard_court,tennis,neutral
love,tennis,neutral
deuce,tennis,neutral
advantage,tennis,neutral
game_point,tennis,neutral
break_point,tennis,neutral
set_point,tennis,neutral
match_point,tennis,neutral
service_let,tennis,neutral
fault,tennis,error
out,tennis,error
rally,tennis,transition
exchange,tennis,transition
sitter_shot,tennis,offensive
inside_out_backhand,tennis,offensive
inside_in_backhand,tennis,offensive
drive_forehand,tennis,offensive
drive_backhand,tennis,offensive
topspin_lob_attack,tennis,offensive
aggresive_forehand,tennis,offensive
aggresive_backhand,tennis,offensive
net_rush,tennis,offensive
attacking_slice,tennis,offensive
heavy_topspin_drive,tennis,offensive
angle_winner,tennis,offensive
flat_backhand,tennis,offensive
flat_forehand,tennis,offensive
power_return,tennis,offensive
dictating_rally,tennis,offensive
inside_the_baseline_hit,tennis,offensive
net_putaway,tennis,offensive
defensive_lunge,tennis,defensive
deep_reset_ball,tennis,defensive
chopper_slice,tennis,defensive
bailout_slice,tennis,defensive
bailout_forehand,tennis,defensive
bailout_backhand,tennis,defensive
all,tennis,neutral
alley,tennis,neutral
backcourt,tennis,neutral
game,tennis,neutral
match,tennis,neutral
no_advantage,tennis,neutral
no_mans_land,tennis,neutral
overhead,tennis,neutral
poach,tennis,offensive
safety_poach,tennis,transition
point,tennis,neutral
receiver,tennis,neutral
serve,tennis,neutral
server,tennis,neutral
service_break,tennis,neutral
smash,tennis,offensive
spin,tennis,neutral
stroke,tennis,neutral
under_spin,tennis,neutral
doubles,tennis,neutral
singles,tennis,neutral
racket,tennis,neutral
winner,tennis,neutral
ball,tennis,neutral
strings,tennis,neutral
court,tennis,neutral
grip,tennis,neutral
hold_of_serve,tennis,neutral
break_of_serve,tennis,neutral
bagel,tennis,neutral
bread_stick,tennis,neutral
neutralize_the_rally,tennis,defensive
counterpuncher,tennis,defensive
association_of_tennis_players,tennis,neutral
international_tennis_federation,tennis,neutral
women's_tennis_association,tennis,neutral
grand_slam,tennis,neutral
masters_event,tennis,neutral
seeded_player,tennis,neutral
qualifier,tennis,neutral
wildcard,tennis,neutral
lucky_looser,tennis,neutral
walk_over,tennis,neutral
warning,tennis,error
time_violation,tennis,error
protected_ranking,tennis,neutral
career_slam,tennis,neutral
golden_slam,tennis,neutral
pusher,tennis,defensive
treeing,tennis,offensive
junk_ball,tennis,neutral
paint_the_lines,tennis,offensive
safinate_racket,tennis,neutral
neutral_ball,tennis,transition
rally_reset,tennis,transition
repositioning_shot,tennis,transition
midcourt_ball,tennis,transition
midcourt_pickup,tennis,transition
stepping_in,tennis,transition
step_back_shot,tennis,transition
recovery_ball,tennis,transition
recovery_shot,tennis,transition
slow_ball,tennis,transition
short_ball,tennis,transition
soft_ball,tennis,transition
weak_reply,tennis,transition
floating_ball,tennis,transition
change_of_direction_shot,tennis,transition
change_of_pace_shot,tennis,transition
neutralizing_return,tennis,transition
redirect_shot,tennis,transition
reset_point,tennis,transition
half_volley_setup,tennis,transition
approach_setup,tennis,transition
drop_shot_setup,tennis,transition
lob_setup,tennis,transition
volley_setup,tennis,transition
passing_shot_setup,tennis,transition
setup_winner,tennis,transition
ball_in_motion,tennis,transition
rally_setup,tennis,transition
follow_up_shot,tennis,transition
secondary_shot,tennis,transition
shot_on_the_rise,tennis,transition
take_the_ball_early,tennis,transition
stepping_into_ball,tennis,transition
ball_to_midcourt,tennis,transition
ball_to_net,tennis,error
neutral_position_shot,tennis,transition
baseline_reset,tennis,transition
midcourt_reset,tennis,transition
net_cord_error,tennis,error
foot_fault_serve,tennis,error
illegal_ball_contact,tennis,error
wrong_side_hit,tennis,error
double_bounce,tennis,error
misjudged_ball,tennis,error
late_reaction_error,tennis,error
racket_drop,tennis,error
overhit_shot,tennis,error
underhit_shot,tennis,error
shank_overhead,tennis,error
mistimed_volley,tennis,error
incorrect_grip,tennis,error
foul_touch,tennis,error
ball_out_of_bounds,tennis,error
mispositioning_error,tennis,error
bounce,tennis,neutral
brutalizer,tennis,error
follow_through,tennis,neutral
net_out,tennis,error
point_penalty,tennis,error
pull_the_trigger,tennis,offensive
racket_abuse,tennis,error
round_robin,tennis,neutral
stance,tennis,neutral
whiff,tennis,error
wide,tennis,error
wood_shot,tennis,error
hindrance_call,tennis,error
racket_slip,tennis,error
defensive_pole,tennis,defensive
retreat_volley,tennis,defensive
running_block,tennis,defensive
chase_ball,tennis,defensive
swing_path,tennis,neutral
topspin_backhand,tennis,offensive
kick_return,tennis,offensive
serve_and_rally,tennis,transition
follow_up_forehand,tennis,transition
follow_up_backhand,tennis,transition
slice_return,tennis,defensive
drop_shot_setup_volley,tennis,transition
step_into_forehand,tennis,transition
step_into_backhand,tennis,transition
net_approach_forehand,tennis,transition
net_approach_backhand,tennis,transition
defensive_lob_recovery,tennis,defensive
half_court_ball,tennis,neutral
high_volley,tennis,offensive
overhead_defensive,tennis,defensive
swing_error,tennis,error
body_miss,tennis,error
miscue,tennis,error
blocked_shot,tennis,defensive
crosscourt_volley,tennis,offensive
down_the_line_volley,tennis,offensive
defensive_slice_volley,tennis,defensive
approach_lob,tennis,transition
reset_volley,tennis,transition
weak_pass_shot,tennis,transition
double_hit,tennis,error
toss_error,tennis,error
serve_toss_mistake,tennis,error
racket_clash,tennis,error
net_touch_error,tennis,error
overhit_volley,tennis,error
unforced_net_error,tennis,error
defensive_chip_volley,tennis,defensive
recovery_half_volley,tennis,defensive
poach_attempt,tennis,offensive
open_court_shot,tennis,offensive
transition_volley,tennis,transition
neutral_slice,tennis,transition
shallow_ball,tennis,defensive
approach_volley,tennis,offensive
reset_lob,tennis,transition
backhand_block,tennis,defensive
service_box_violation,tennis,error
overtake,formula_1,offensive
defending,formula_1,defensive
retirement,formula_1,transition
red_flag,formula_1,neutral
yellow_flag,formula_1,neutral
safety_car,formula_1,neutral
virtual_safety_car,formula_1,neutral
dsq,formula_1,transition
disqualification,formula_1,transition
clean_air,formula_1,neutral
slip_stream,formula_1,neutral
tow,formula_1,offensive
drs,formula_1,neutral
mini_drs,formula_1,offensive
double_dsq,formula_1,transition
double_disqualification,formula_1,transition
spin_out,formula_1,error
contact,formula_1,error
understeer,formula_1,error
oversteer,formula_1,error
pit_window,formula_1,neutral
double_stacking,formula_1,neutral
unsafe_release,formula_1,error
grid_place_penalty,formula_1,transition
additional_power_unit_element,formula_1,transition
rnc,formula_1,neutral
restricted-number_components,formula_1,neutral
drop,formula_1,transition
speeding_in_the_pit_lane,formula_1,error
suspension,formula_1,transition
penalty_points,formula_1,neutral
crash,formula_1,error
plank_wear,formula_1,neutral
excessive_plank_wear,formula_1,error
causing_a_collision,formula_1,error
forcing_another_driver_off_track,formula_1,error
exceeding_track_limits,formula_1,error
unsafe_pit_lane_release,formula_1,error
impeding_another_driver_during_qualifying,formula_1,error
impeding_another_driver_during_a_race,formula_1,error
impeding_another_driver,formula_1,error
changing_car_setup_under_parc_ferme,formula_1,error
technical_infringement,formula_1,error
underweight_car,formula_1,error
illegal_part,formula_1,error
failing_to_slow_under_double_yellow_flags,formula_1,error
driving_unnecessarily_slow,formula_1,error
failing_to_maintain_ten_car-length_distance_behind_the_safety_car,formula_1,error
failing_to_maintain_proper_distance_behind_the_safety_car,formula_1,error
overtaking_during_red_flag_conditions,formula_1,error
failure_to_comply_with_a_red_flag,formula_1,error
failing_to_slow_in_the_pit_lane,formula_1,error
erratic_braking,formula_1,error
erratic_driving,formula_1,error
failing_to_slow_under_yellow_flags,formula_1,error
driving_in_a_dangerous_manner,formula_1,error
race_ban,formula_1,transition
breach_of_personnel_curfew,formula_1,transition
breach_of_covers_on_time,formula_1,error
re-joining_by_use_of_mechanical_assistance,formula_1,error
use_of_tyres_without_appropriate_identification,formula_1,error
failing_to_change_incorrect_tyres_within_three_laps,formula_1,error
failing_to_use_two_different_specifications_of_dry-weather_tyres,formula_1,error
during_the_race_in_monaco_using_only_one_set_of_tyers_of_any_specification,formula_1,error
failing_to_use_wet-weather_tyres_when_required_if_the_race_is_started_behind_safety_car,formula_1,error
leaving_the_track_and_gaining_a_lasting_advantage,formula_1,error
leaving_the_track_and_rejoining_unsafely,formula_1,error
leaving_the_track_without_a_justifiable_reason,formula_1,error
driving_unnecessarily_slow_in_a_dangerous_manner,formula_1,error
driving_erratically,formula_1,error
driving_in_a_manner_which_could_be_potentially_dangerous_to_other_drivers_or_any_other_person,formula_1,error
causing_a_collision_with_no_immediate_and_obvious_sporting_consequence,formula_1,error
causing_a_collision_with_apparent_deliberate_or_reckless_intent,formula_1,error
forcing_a_driver_off_the_track,formula_1,error
forcing_a_driver_off_the_track_recklessly,formula_1,error
impeding_another_driver,formula_1,error
impeding_another_driver_dangerously,formula_1,error
impeding_another_driver_dangerously_with_apparent_intent,formula_1,error
more_than_change_of_direction_to_defend_a_position,formula_1,error
moving_in_the_breaking_zone,formula_1,error
moving_in_the_breaking_zone_in_a_manner_deemed_potentially_dangerous,formula_1,error
crossing_a_line_at_pit_entry,formula_1,error
missing_bollard_at_pit_entry,formula_1,error
crossing_a_line_at_pit_entry_dangerously,formula_1,error
missing_bollard_at_pit_entry_dangerously,formula_1,error
crossing_a_line_at_pit_exit,formula_1,error
crossing_a_line_at_pit_exit_dangerously,formula_1,error
exceeding_the_maximum_time_between_sc_lines_without_a_justifiable_reason,formula_1,error
failing_to_slow_for_single_yellow_flags,formula_1,error
failing_to_slow_for_single_yellow_lights_on_the_track,formula_1,error
failing_to_slow_for_overtaking_another_car,formula_1,error
failing_to_slow_for_double_yellow_flags,formula_1,error
failing_to_slow_for_red_flags,formula_1,error
failing_to_respect_blue_flags,formula_1,error
failing_to_respect_blue_lights_on_the_track,formula_1,error
failing_to_slow_for_red_lights_on_the_track,formula_1,error
failing_to_respect_a_black_and_orange_flag_on_the_track,formula_1,error
failing_to_respect_a_black_flag_on_the_track,formula_1,error
speeding_in_the_pit_lane_during_reconnaissance_laps,formula_1,error
speeding_in_the_pit_lane_after_the_chequered_flag,formula_1,error
speeding_in_the_pit_lane_during_practice,formula_1,error
speeding_in_the_pit_lane_in_order_to_gain_an_advantage,formula_1,error
speeding_in_the_pit_lane_during_a_race_by_less_than_6km/h,formula_1,error
speeding_in_the_pit_lane_during_a_race_by_between_6-15km/h,formula_1,error
speeding_in_the_pit_lane_during_a_race_by_more_than_15km/h,formula_1,error
entering_the_pit_lane_when_the_pit_entry_is_closed,formula_1,error
failing_to_stop_at_a_red_light_at_the_pit_exit_during_practice,formula_1,error
failing_to_stop_at_a_red_light_at_the_pit_exit_during_a_race,formula_1,error
burnouts_during_reconnaissance_laps_in_pit_lane,formula_1,error
bite_point_checks_during_reconnaissance_laps_in_pit_lane,formula_1,error
team_personnel_on_the_grid_after_the_15_second_signal,formula_1,error
team_personnel_on_the_grid_afer_the_15_second_signal,formula_1,error
failing_to_enter_the_pit_lane_if_out_of_position_at_the_sc1_line_at_the_end_of_formation_lap,formula_1,error
failing_to_start_the_race_from_the_pit_lane_if_a_driver_caused_the_start_to_be_aborted,formula_1,error
jump_start,formula_1,error
incorrect_starting_location,formula_1,error
entering_the_pit_lane_during_the_formation_laps,formula_1,error
changing_tyres_before_the_race_start_if_the_formation_laps_have_been_carried_out_behind_the_sc,formula_1,error
changing_tyres_before_the_race_start_if_the_formation_lap_have_been_carried_out_behind_the_sc,formula_1,error
failure_to_reestablish_position_before_sc1,formula_1,error
failing_to_enter_the_pit_lane_if_out_of_position_at_the_sc1_line_on_the_formation_lap,formula_1,error
driving_unnecessarily_slowly_whilst_the_safety_car_is_deployed,formula_1,error
driving_erratically_whilst_the_safety_car_is_deployed,formula_1,error
failing_to_keep_within_ten_cars_lengths_of_the_car_in_front_during_sc,formula_1,error
exceeding_minimum_time_set_by_ecu_behind_safety_car,formula_1,error
overtaking_the_sc_and_place_given_back,formula_1,error
overtaking_the_sc,formula_1,error
overtaking_the_safety_car_and_place_given_back,formula_1,error
overtaking_the_safety_car,formula_1,error
overtaking_another_car_behind_the_sc_and_place_given_back,formula_1,error
overtaking_another_car_behind_the_safety_car_and_place_given_back,formula_1,error
overtaking_another_car_behind_the_sc_cars,formula_1,error
overtaking_another_car_behind_the_safety_cars,formula_1,error
failing_to_keep_within_ten_cars_lengths_of_the_sc,formula_1,error
failing_to_keep_within_ten_cars_lengths_of_the_safetly_car,formula_1,error
overtaking_in_pit_entry_when_sc_using_the_pit_lane,formula_1,error
overtaking_in_pit_exit_when_sc_using_the_pit_lane,formula_1,error
overtaking_in_pit_entry_when_safety_car_using_the_pit_lane,formula_1,error
overtaking_in_pit_exit_when_safety_car_using_the_pit_lane,formula_1,error
entering_the_pits_during_sc_unless_for_the_purpose_of_changing_tyres,formula_1,error
entering_the_pits_during_safety_car_unless_for_the_purpose_of_changing_tyres,formula_1,error
exceeding_the_vsc_speed_limit,formula_1,error
exceeding_the_virtual_safety_car_speed_limit,formula_1,error
exceeding_vsc_minimum_delta_time_at_vsc_end,formula_1,error
exceeding_virtual_safety_car_minimum_delta_time_at_virtual_safety_car_end,formula_1,error
overtaking_another_car_when_the_vsc_is_in_operation,formula_1,error
overtaking_another_car_when_the_virtual_safety_car_is_in_operation,formula_1,error
car_being_moved_from_the_fast_lane_before_a_race_is_resumed,formula_1,error
team_personnel_touching_equipment_connected_at_15_second_signal,formula_1,error
team_personnel_touching_car_at_15_second_signal,formula_1,error
failing_to_start_from_the_pit_lane_after_team_personnel_touching_car_at_the_15_second_signal,formula_1,error
failing_to_start_from_the_pit_lane_after_team_personnel_touching_equipment_connected_at_15_second_signal,formula_1,error
failing_to_enter_the_pit_lane_if_out_of_position_at_the_sc1_line_on_the_lap_the_sc_enters_the_pits,formula_1,error
overtaking_behind_the_sc_during_a_race_re-start,formula_1,error
failing_to_enter_the_pit_lane_if_out_of_position_at_the_sc1_line_on_the_lap_the_safety_car_enters_the_pits,formula_1,error
unsafe_release_from_a_pit_stop,formula_1,error
unsafe_release_from_a_pit_stop_where_the_driver_is_at_fault,formula_1,error
releasing_a_car_in_an_unsafe_condition_during_a_practice_session,formula_1,error
releasing_a_car_in_a_unsafe_condition_during_a_race,formula_1,error
driving_a_car_knowing_it_to_be_in_an_unsafe_condition_following_releasing_a_car_in_an_unsafe_condition_,formula_1,error
failure_to_comply_with_in-race_penalty_procedure,formula_1,error
change_of_pu_elements_in_excess_of_allowance,formula_1,error
"failing_to_stop_for_weighing,_car_brought_back_untouched",formula_1,error
"failing_to_stop_for_weighing,_car_not_brought_back_or_worked_on",formula_1,error
breaching_of_the_weighing_provisions,formula_1,error
breach_of_pre-sprint_parc_ferme,formula_1,error
technical_infringement,formula_1,error
breach_of_isc_appendix_l_requirements_for_safety_equipment_or_apparel_1st_offence,formula_1,error
breach_of_isc_appendix_l_requirements_for_safety_equipment_or_apparel_2nd_offence,formula_1,error
breach_of_isc_appendix_l_requirements_for_safety_equipment_or_apparel_3rd_offence,formula_1,error
intentional_and_deliberate_false_declaration_by_competitor_on_self_scrutineering_form,formula_1,error
any_midconduct_involving_the_abuse_of_officials,formula_1,error
any_public_incitment__to_violence_or_hatred,formula_1,error
any_misconduct_involing_abuse_of_officials_by_a_driver,formula_1,error
any_misconduct_involving_the_abuse_of_officials_by_a_team_member,formula_1,error
minimum_5s_penalty,formula_1,transition
minimum_5s_penalty_for_the_associated_driver,formula_1,transition
minimum_3_grid_place_penalty_in_the_next_race,formula_1,transition
minimum_3_grid_place_penalty_for_both_cars_in_the_next_race,formula_1,transition
"fine_up_to_5,000_euros",formula_1,neutral
"fine_up_to_20,000_euros",formula_1,neutral
a_public_alopogy_and_repudiation_of_comments,formula_1,neutral
"fine_up_to_100,000_euros_for_competitor",formula_1,neutral
"fine_up_to_60,000_euros_for_driver",formula_1,neutral
"fine_up_to_50,000_euros_for_driver",formula_1,neutral
"fine_up_to_40,000_euros,_part_may_be_suspended_for_12_months",formula_1,transition
team_fine_or_grid_places,formula_1,transition
disqualification_from_qualifiyig_results,formula_1,transition
disqualification_from_race_results,formula_1,transition
grid_places,formula_1,transition
reprimand,formula_1,neutral
10_grid_place_,formula_1,transition
5_grid_place,formula_1,transition
five_grid_places,formula_1,transition
ten_grid_places,formula_1,transition
ten_grid_places_for_the_next_race,formula_1,transition
10s_stop_and_go_or_team_fine,formula_1,transition
team_fine,formula_1,neutral
team_fine_or_three_grid_places,formula_1,transition
5s_or_10s_penalty_or_drive-through,formula_1,transition
either_drive-through_or_10s_stop_and_go,formula_1,transition
start_from_pit_lane,formula_1,transition
must_enter_pits_at_resart_and_join_back_after_last_car,formula_1,transition
10s_stop_and_go,formula_1,transition
10s_penalty_drive-through,formula_1,transition
no_further_action,formula_1,neutral
drivethrough,formula_1,transition
10s_penalty,formula_1,transition
5s_penalty,formula_1,transition
3_grid_place_drop,formula_1,transition
5_place_grid_place_drop,formula_1,transition
start_the_race_from_the_pit_lane,formula_1,transition
rear_of_grid,formula_1,transition
black_flag,formula_1,transition
rd_warning,formula_1,transition
b/w_flag,formula_1,transition
black_and_white_flag,formula_1,transition
warning,formula_1,neutral
lap_deleted,formula_1,transition
potential_loss_of_the_lap_time,formula_1,transition
loss_of_lap_time,formula_1,transition
30_seconds,formula_1,transition
pit_lane_star_for_both_competitor_cars,formula_1,transition
green_flag,formula_1,neutral
blue_flag,formula_1,transition
race_restart,formula_1,neutral
yellow_lights,formula_1,neutral
green_lights,formula_1,neutral
blue_lights,formula_1,transition
chequred_flag,formula_1,neutral
end-of-session,formula_1,neutral
fastest_lap_time,formula_1,transition
attacking,formula_1,offensive
airbox,formula_1,neutral
apex,formula_1,neutral
box,formula_1,neutral
pit_box,formula_1,neutral
blistering,formula_1,neutral
chicane,formula_1,neutral
cockpit,formula_1,neutral
cost_cap,formula_1,neutral
downforce,formula_1,neutral
dirty_air,formula_1,neutral
vortex_generator,formula_1,neutral
drag,formula_1,neutral
drag_reduction_system,formula_1,neutral
ers,formula_1,neutral
energy_reduction_system,formula_1,neutral
fia,formula_1,neutral
federation_internationale_de_i'automobile,formula_1,neutral
flat_spot,formula_1,neutral
free_practice,formula_1,neutral
grad_chelem,formula_1,neutral
grip_,formula_1,neutral
halo,formula_1,neutral
hans_device,formula_1,neutral
lock-up,formula_1,error
podium,formula_1,offensive
pole_position,formula_1,offensive
porpoising,formula_1,error
qualifiying,formula_1,neutral
sprint,formula_1,neutral
sidepod,formula_1,neutral
traction,formula_1,neutral
undercut,formula_1,offensive
circuit,formula_1,neutral
front_wing,formula_1,neutral
q1,formula_1,neutral
q2,formula_1,neutral
q3,formula_1,neutral
formation_lap,formula_1,neutral
out_lap,formula_1,neutral
marbles,formula_1,neutral
racing_line,formula_1,neutral
apex_seal,formula_1,neutral
stint,formula_1,neutral
bite_point,formula_1,neutral
camber,formula_1,neutral
toe_in,formula_1,neutral
toe_out,formula_1,neutral
gearbox,formula_1,neutral
team_principal,formula_1,neutral
race_engineer,formula_1,neutral
strategy_wall,formula_1,neutral
pit_crew,formula_1,neutral
stewards,formula_1,neutral
race_control,formula_1,neutral
paddock,formula_1,neutral
grand_slam,formula_1,neutral
dnf,formula_1,neutral
ride_height,formula_1,neutral
tyre_graining,formula_1,neutral
deg,formula_1,neutral
tyre_degridation,formula_1,neutral
diffuser,formula_1,neutral
hard_tyre,formula_1,neutral
soft_tyre,formula_1,neutral
medium_tyre,formula_1,neutral
wet_tyre,formula_1,neutral
intermediate_tyre,formula_1,neutral